iteration,niqe,brisque,niqe-mri,brisque-mri (transfer)
008,6.46145286821325,51.6557179212518,11.171592093256,2.91295245987931
008,6.55668432768225,51.515237977029,10.883708796402,2.91295245987931
008,6.11332527549159,51.5173548806654,10.1542626443438,2.91295245987931
008,6.22009013699288,51.363670710157,8.78543058008276,2.91295245987931
008,6.51020039854224,51.8950470745515,11.8544797223727,2.91295245987931
008,7.16273323104963,51.9557442180335,9.83586225818367,2.91295245987931
008,6.19038114603461,51.4774635439395,9.96346858484705,2.91295245987931
008,6.42916497609636,51.7173182152234,11.0309375718263,2.91295245987931
008,6.66320400045577,51.8338994416054,9.53691816502424,2.91295245987931
008,6.96434719062427,51.8023618841276,8.72211260008885,2.91295245987931
008,6.64323848956453,51.6907633061057,9.92786636052548,2.91295245987931
008,6.24034767304943,51.5626132978623,9.19316853119794,2.91295245987931
008,6.75549507304491,51.5209348661392,10.0161189187622,2.91295245987931
008,6.64994280289563,51.5889941117322,9.82948751782402,2.91295245987931
008,6.36378930904434,51.5152244122871,8.53257381191114,2.91295245987931
008,6.21740088201775,51.5528797836916,9.97915398187483,2.91295245987931
008,6.02834693965547,51.5097439821091,8.80443538398336,2.91295245987931
008,6.55174067149994,51.5623729123426,10.224164219216,2.91295245987931
008,7.22479991793697,51.9979852285576,12.267398324107,2.91295245987931
008,6.40707351312545,51.549847993694,8.79763475245167,2.91295245987931
008,6.37858297415973,51.699435722121,7.84856740505596,2.91295245987931
008,7.28161394266429,51.8647713185111,8.12921516286698,2.91295245987931
008,6.57522835790659,51.6626915719313,11.3920773749788,2.91295245987931
008,6.82989057222103,52.0126837489828,9.83675930574699,2.91295245987931
008,6.17704668365956,51.7343476595359,10.2054431618367,2.91295245987931
008,6.29257548405916,51.4678903279472,9.77688635919209,2.91295245987931
008,6.3084324417994,51.5637378171959,9.92185530946423,2.91295245987931
008,6.5103130039824,51.5884414278448,9.00074329677541,2.91295245987931
008,7.86830067582784,52.3940023127544,10.2092953684444,2.91295245987931
008,6.66485390199882,51.7337155681305,7.94509590790736,2.91295245987931
008,7.49124297465895,51.7113944033014,10.4922424476549,2.91295245987931
008,6.21581224493562,51.5322484344928,9.4610126836368,2.91295245987931
008,6.57515347558658,51.7963114029224,10.0367528635386,2.91295245987931
008,6.72535132374163,51.5610064371065,8.90201576285624,2.91295245987931
008,7.02868398699528,51.8031848666822,9.12662197830546,2.91295245987931
008,6.12870993559534,51.4701703359023,8.8199208033268,2.91295245987931
008,6.52535735557815,51.7591020348844,8.46727005188254,2.91295245987931
008,6.86306737200174,51.5453528163124,9.11973571398961,2.91295245987931
008,6.75415158837482,51.53245273024,9.61933838256759,2.91295245987931
008,7.10579134683746,51.7088051491167,11.0850601836854,2.91295245987931
008,6.88276522980309,51.848855825631,10.5848266150913,2.91295245987931
008,6.64433092034904,51.5487770732637,10.2203604820852,2.91295245987931
008,6.40428323660148,51.7268226958635,10.5037252414279,2.91295245987931
008,6.38359610880529,51.4976337574582,8.88577121089527,2.91295245987931
008,6.88183382625343,51.9233348988161,9.63762388285795,2.91295245987931
008,6.10791188219486,51.6685232863586,9.58012699014308,2.91295245987931
008,6.81158102299995,51.8275476246057,9.87038023451177,2.91295245987931
008,6.23836085446998,51.6355338884708,9.79452361016306,2.91295245987931
008,7.35317969117995,51.9145392811521,10.7192592200619,2.91295245987931
008,5.98385742253901,51.7860583091648,10.9279475015292,2.91295245987931
008,5.91438476239326,51.3743185407359,9.11443159444758,2.91295245987931
008,5.77767589882705,51.4997885306737,10.0868804300142,2.91295245987931
008,6.10344130531545,51.5672180465873,9.37194119920253,2.91295245987931
008,6.30176406782531,51.7315467490582,10.2784279807755,2.91295245987931
008,5.92075977264105,51.2760207589476,9.95102093052636,2.91295245987931
008,6.17031042463448,51.5664103490867,9.87573024120751,2.91295245987931
008,6.85992797161411,51.8026255532263,10.1569500465533,2.91295245987931
008,6.59081991797047,51.672370208058,9.94924562580367,2.91295245987931
008,5.96037074372604,51.5544362345388,8.45511217106088,2.91295245987931
008,6.55902103817599,51.751159008273,11.8919793787285,2.91295245987931
008,6.42653373548407,51.7806139444675,11.5702649275128,2.91295245987931
008,6.3217215451796,51.7148908399147,9.7479498225602,2.91295245987931
008,6.54170677492778,51.6457859183935,10.5015636430987,2.91295245987931
008,6.63397924399059,51.67717000344,8.91559414391512,2.91295245987931
008,6.51582660970935,51.4657609331185,12.1448409110498,2.91295245987931
008,6.43854236027294,51.6420251321349,9.75409229757162,2.91295245987931
008,5.63094957970236,51.4144080882232,7.65056379811176,2.91295245987931
008,6.50154779173402,51.5837932476331,9.11121903831878,2.91295245987931
008,6.62172421171545,51.5796419600896,9.19573860676948,2.91295245987931
008,6.25727282317438,51.6066111120237,9.26571573709324,2.91295245987931
008,6.46407165005546,51.7038728831405,10.4978300129522,2.91295245987931
008,6.92078462496846,51.9680080771923,9.73633919206362,2.91295245987931
008,6.67378947522002,51.6408352882367,9.07671700871145,2.91295245987931
008,6.47614498043737,51.3456249911653,9.78467731378632,2.91295245987931
008,5.93770034497787,51.6011571346961,8.75068204506078,2.91295245987931
008,7.07540847000507,51.7032164108506,9.46023205904904,2.91295245987931
008,6.44389290998609,51.7736792578514,12.6538325388879,2.91295245987931
008,6.54888182474352,51.6785339486077,9.29951144317764,2.91295245987931
008,5.98139793008918,51.4264708231423,8.94748183126307,2.91295245987931
008,6.5776202845596,51.9214552784313,12.6433330019362,2.91295245987931
008,6.45494739157826,51.7953917589489,9.29730394747825,2.91295245987931
008,6.43845339828063,51.7979787313147,9.28295151457757,2.91295245987931
008,6.19317117992218,51.3609191561652,8.30539596853379,2.91295245987931
008,6.29625729651052,51.7315282101281,10.3992758537532,2.91295245987931
008,6.25647049379901,51.5506360836027,8.9325978848366,2.91295245987931
008,6.82445779265259,51.7792518561843,9.24559551353515,2.91295245987931
008,6.12511614763697,51.3600454598999,10.7094453080175,2.91295245987931
008,6.30498223987653,51.4221839678359,8.19100417602496,2.91295245987931
008,7.22683510986566,52.1230275974732,12.87317320291,2.91295245987931
008,6.80277989780017,51.7983159934693,11.0182925090025,2.91295245987931
008,6.66879505543354,51.6870812398373,11.7696625084629,2.91295245987931
008,6.48747437570351,51.6101644481968,9.59033406554942,2.91295245987931
008,6.57696884036069,51.6938338003787,10.3566314243377,2.91295245987931
008,7.25334085034575,51.7276597423184,11.5016337036593,2.91295245987931
008,6.30961044555254,51.4993245193708,8.75919683266529,2.91295245987931
008,7.03407517696311,51.4173626824733,10.7811825018566,2.91295245987931
008,6.63274984774868,51.9081137339589,10.0191244811968,2.91295245987931
008,5.79351668444411,51.4284234225242,8.26448828762024,2.91295245987931
008,7.22045792713386,51.9042399904825,11.420851805061,2.91295245987931
008,6.51816870817217,51.6744636793303,9.82185343951088,2.91295245987931
016,7.32275601372218,51.1965893054624,8.38213142007462,2.91295245987931
016,7.63804620969617,50.9887646191109,8.92499924623392,2.91295245987931
016,7.17915499164246,50.8914612747282,7.65325895162187,2.91295245987931
016,6.94632376263286,51.1550747933926,7.20607888549776,2.91295245987931
016,7.2974922961033,51.2325763462985,8.056985965394,2.91295245987931
016,7.30588076201504,51.131580068966,8.15431191797801,2.91295245987931
016,7.11903247253386,51.075677732318,8.42393575841956,2.91295245987931
016,7.22956488306934,51.2787719620641,7.26363779928076,2.91295245987931
016,6.13995495290533,50.9820047591055,7.70474085298275,2.91295245987931
016,7.0568517873332,51.0495514124327,8.23577887345748,2.91295245987931
016,6.85013554847364,51.1122453486795,7.95543714746195,2.91295245987931
016,6.40283095581876,51.0346596495711,8.06100720524209,2.91295245987931
016,6.89539349021177,50.9798997534489,8.03976778145161,2.91295245987931
016,6.69585191158683,51.0068811426464,8.13542930973261,2.91295245987931
016,6.98650037343777,51.0921248203446,8.68606701864402,2.91295245987931
016,7.45618663083944,51.1836540345347,7.90622305051502,2.91295245987931
016,6.33480788208085,51.3012033181798,7.55232939223469,2.91295245987931
016,7.25181020080909,51.1088333830518,9.47857045531225,2.91295245987931
016,7.60453153743557,51.1552718015195,8.03754197756648,2.91295245987931
016,6.84720437953739,51.16076746088,6.73685789644039,2.91295245987931
016,6.88874959664242,51.1124794625594,7.21647901972006,2.91295245987931
016,7.57815418816394,51.1310797419874,7.25536767546665,2.91295245987931
016,6.97667016467914,51.1942925662226,7.84484569920677,2.91295245987931
016,7.62857898972466,51.4478816523583,7.53742801113692,2.91295245987931
016,7.44481471491487,51.1756649864509,7.59632161429585,2.91295245987931
016,6.66927740892703,51.0384202347699,6.27687597546275,2.91295245987931
016,7.40666284575707,51.2072119707513,8.80930046296877,2.91295245987931
016,7.2348602649267,50.9518507774941,8.2871506981234,2.91295245987931
016,7.00747074158937,51.1722246911528,7.73808028062576,2.91295245987931
016,7.25167613850971,51.2944864414195,8.74260796421529,2.91295245987931
016,6.95516456262359,51.1106538247944,7.93742125822374,2.91295245987931
016,6.82552042179282,51.0555749587386,7.78636994095919,2.91295245987931
016,6.99312459591498,50.9926617448,8.0755697894104,2.91295245987931
016,7.47096556002433,51.0536960531906,6.40076704011912,2.91295245987931
016,7.0234925526494,51.0000253739487,6.58462349117908,2.91295245987931
016,6.46384032131642,50.9857465862789,8.54010557905683,2.91295245987931
016,6.61546624036746,51.0726806753211,7.72517583745125,2.91295245987931
016,6.73929927088777,51.0860685034665,8.2065294209166,2.91295245987931
016,7.63859341034484,51.1945126729435,7.21267067568712,2.91295245987931
016,6.82742894987937,51.1217638591313,7.3723351815962,2.91295245987931
016,8.21740067482318,51.2535413899242,8.94216034435544,2.91295245987931
016,7.17870406281015,50.9368741869015,7.00846175983116,2.91295245987931
016,6.72779543252354,51.0138023966085,8.34155936315036,2.91295245987931
016,6.58269678609095,50.8815262826624,7.57581517547431,2.91295245987931
016,7.48952486372893,51.2565771945077,8.06492718926429,2.91295245987931
016,7.42164181211592,51.2073249970606,9.36339083888549,2.91295245987931
016,7.55683719744005,51.1699920442245,8.50695845843581,2.91295245987931
016,6.84535784143546,51.0351851010558,6.88481839868278,2.91295245987931
016,8.34950748596741,51.3676358525531,9.65004237082979,2.91295245987931
016,7.1031754542225,51.1899683145391,7.47929534648214,2.91295245987931
016,7.04777128519059,51.2166664451847,8.05798506159225,2.91295245987931
016,6.04409380403029,51.0815660239324,7.14422378479515,2.91295245987931
016,6.74949286370786,51.2587019897056,9.70319219588364,2.91295245987931
016,6.80170968065841,51.0946435819258,7.56933030394991,2.91295245987931
016,6.36675787185674,51.0040456560368,6.47044890024979,2.91295245987931
016,6.97882652891676,51.1650785469922,7.2444790012285,2.91295245987931
016,7.08316074928221,51.229978467555,7.74163276465208,2.91295245987931
016,7.09346282698007,51.0564478173277,8.50895813429338,2.91295245987931
016,6.90932304794946,50.9577971872399,5.98216384046407,2.91295245987931
016,6.80304046068395,51.085790583366,7.95658213903774,2.91295245987931
016,6.75075488046174,51.1198944146646,8.17169661627494,2.91295245987931
016,7.58552813780389,51.0058860040735,8.10530458370632,2.91295245987931
016,7.26902096266425,51.1951368239812,8.41380395551411,2.91295245987931
016,7.1045496741057,51.1860177406463,7.363784803145,2.91295245987931
016,7.02240522677651,50.8881803784694,8.96915209111694,2.91295245987931
016,6.90606118656419,50.9152400384066,6.4962170547009,2.91295245987931
016,6.94740290427317,50.8385105552027,6.43092153058941,2.91295245987931
016,6.87573490065402,51.2614810873297,7.67050608634387,2.91295245987931
016,6.98689583969097,51.130928466606,7.46971160938644,2.91295245987931
016,7.30307410554236,51.0271107029127,9.19959904572956,2.91295245987931
016,7.36793043633837,51.2443399686575,10.3601268622879,2.91295245987931
016,6.68858586065427,51.0381500841074,7.25222157456672,2.91295245987931
016,7.36837870894873,51.275728354575,8.18028871737776,2.91295245987931
016,7.32896514925322,51.2629919794676,7.85802973652645,2.91295245987931
016,7.02653222621651,51.0716210061247,7.03020106331427,2.91295245987931
016,7.01315246897201,51.0728321187885,7.40410569711586,2.91295245987931
016,6.76982284750082,50.9999276393045,7.19303275160989,2.91295245987931
016,6.32790627719941,50.9367667074525,7.54992082747652,2.91295245987931
016,6.71105043745061,50.9415427890804,7.95563080020365,2.91295245987931
016,8.045532371199,51.3711929874016,11.4820270806565,2.91295245987931
016,7.33856791562027,51.0053869555149,7.29438681219791,2.91295245987931
016,6.31142233360959,50.897253026792,6.41955174070491,2.91295245987931
016,6.88552400820284,50.9328571503664,6.76419409547364,2.91295245987931
016,7.37140383069633,51.0956579027832,9.71291726495621,2.91295245987931
016,7.4960036659558,51.1165519218446,8.40248280863607,2.91295245987931
016,6.71476577743638,50.989695870615,7.00057460281988,2.91295245987931
016,6.59486207770005,50.8944357811748,7.15818128851771,2.91295245987931
016,6.46365895701056,51.0709390588327,6.86605656813006,2.91295245987931
016,7.13301324287287,51.1534892059015,9.65803741987403,2.91295245987931
016,7.11848764718038,51.1400737501928,9.08675218625108,2.91295245987931
016,6.90468320304525,50.8851265958741,7.99350298601978,2.91295245987931
016,6.67497782819224,50.905791466475,8.18553030417789,2.91295245987931
016,7.08204048097684,51.0513670553572,9.21391627153169,2.91295245987931
016,7.04349892518579,51.0836877082043,9.565510602138,2.91295245987931
016,6.95230660814772,51.0052453800977,6.18336189500882,2.91295245987931
016,7.10380956656676,51.0925576965532,8.2243668531247,2.91295245987931
016,7.19380661210822,50.9168937960591,8.07328458775655,2.91295245987931
016,6.76258570992906,50.9938064841248,5.2255658847676,2.91295245987931
016,7.11173458185369,51.2022384060431,9.65654915930624,2.91295245987931
016,6.54005603232,51.1273249054323,8.19833163603112,2.91295245987931
032,6.24649945901829,50.1987994778187,5.84754590942588,2.91295245987931
032,6.10320196694142,50.268748353042,5.61998423645547,2.91295245987931
032,6.49669036325274,50.2010386423031,5.41572003783448,2.91295245987931
032,6.31737430255104,50.2445345620565,5.06563751066357,2.91295245987931
032,6.09346403882476,50.0997776712521,5.09027512596341,2.91295245987931
032,6.26081476680439,50.1754229492216,5.5069678718964,2.91295245987931
032,6.37246012691402,50.1872751047153,5.68700313994163,2.91295245987931
032,6.12447275967938,50.2158087146673,4.99005505241667,2.91295245987931
032,6.38538204704598,50.1436608106168,4.76118168063776,2.91295245987931
032,6.17788692112875,50.2534976791916,5.0872180123062,2.91295245987931
032,6.10639068956266,50.1954715487663,4.73302034675896,2.91295245987931
032,6.3595400217703,50.2381583599314,5.18653494708176,2.91295245987931
032,6.09844342824329,50.1417964286305,5.4382823317995,2.91295245987931
032,5.9957422389622,50.1651004841159,4.74735395740986,2.91295245987931
032,6.04191949523772,50.1131075638804,4.87085330463223,2.91295245987931
032,6.3963430030783,50.1714084705503,5.12819262765492,2.91295245987931
032,6.21611798212605,50.1629632759492,4.59400152320072,2.91295245987931
032,6.40925344050204,50.3018899632193,5.75840853976999,2.91295245987931
032,6.13913060420714,50.11166377036,5.31364228207765,2.91295245987931
032,6.22278456008834,50.1555333820369,4.38882334983847,2.91295245987931
032,5.96507506109144,50.1387946318737,4.92298716884688,2.91295245987931
032,5.87190090814083,50.2266042292109,4.31477821022027,2.91295245987931
032,6.52301885335031,50.194051167471,4.7935510672377,2.91295245987931
032,6.15166340434126,50.2287126241027,4.86450944087115,2.91295245987931
032,6.29696174501207,50.0500986615241,4.99312368229538,2.91295245987931
032,6.19611794527215,50.212298675957,5.19920176494861,2.91295245987931
032,6.20030789610299,50.2238722159812,5.42343960211959,2.91295245987931
032,5.88182302873051,50.295292709538,5.35811827345856,2.91295245987931
032,6.49345623748132,50.2324737030939,4.97561398951609,2.91295245987931
032,6.00925073040508,50.177501105775,4.97481344171897,2.91295245987931
032,6.71733242983055,50.1929700083404,6.34223828911781,2.91295245987931
032,6.20530900161103,50.1074582237181,5.03930466676638,2.91295245987931
032,6.08253290915494,50.2479580388411,4.85239979752491,2.91295245987931
032,6.42840041723998,50.2002835155594,4.83077449817573,2.91295245987931
032,6.36120944020692,50.1985378730317,4.80346522274984,2.91295245987931
032,6.21263512272299,50.071836809176,4.8497177780091,2.91295245987931
032,6.35700600706649,50.1502122234545,4.96133554359366,2.91295245987931
032,6.19083043201629,50.1207490502627,4.32706585566605,2.91295245987931
032,6.14408301850599,50.3680078245974,6.27275729127059,2.91295245987931
032,6.39558747295224,50.1683890880883,5.08912648034743,2.91295245987931
032,6.15208833479274,50.1775759593392,4.93117453778142,2.91295245987931
032,6.1241471237525,50.3399703293151,5.16299515333083,2.91295245987931
032,5.8583322371672,50.1462541404981,4.89957218856719,2.91295245987931
032,6.13844367937697,50.2605456189027,4.45332276248751,2.91295245987931
032,5.60830496203525,50.1946155130075,4.49230727481162,2.91295245987931
032,6.26220487198554,50.0879024099213,4.36461277840601,2.91295245987931
032,6.14151856940198,50.1668216517498,5.00818089107246,2.91295245987931
032,6.29507567252998,50.1493267417797,4.9560870591461,2.91295245987931
032,6.22428056740851,50.2090923044204,6.02750866534843,2.91295245987931
032,6.26756075030003,50.2335825851895,5.10479222978518,2.91295245987931
032,6.36821251793059,50.1998144970658,5.16995434618543,2.91295245987931
032,5.98363833395725,50.1844606410727,5.183954434678,2.91295245987931
032,6.81649775930915,50.3805045998662,5.8417612100694,2.91295245987931
032,5.93419341065009,50.1327634511286,4.28940811116341,2.91295245987931
032,6.38715649621966,50.214867833069,5.24947464200866,2.91295245987931
032,6.34398216383296,50.2788594024802,6.04906840774855,2.91295245987931
032,6.02568353078155,50.2258691137246,5.28787995285064,2.91295245987931
032,6.28495980609666,50.2343084795557,5.28216748153785,2.91295245987931
032,6.35107144605415,50.1321758021813,4.40906638190715,2.91295245987931
032,6.06924954702386,50.125653890379,4.88439818934653,2.91295245987931
032,6.10445969311957,50.2074858673777,5.00437756555804,2.91295245987931
032,5.98618174531118,50.1689534850658,5.20433320859106,2.91295245987931
032,6.12774833443871,50.2263009391398,4.62086625282486,2.91295245987931
032,6.33563343768205,50.1393177687578,4.17325331987071,2.91295245987931
032,6.23963829664378,50.2394527051604,4.89847305634055,2.91295245987931
032,5.92811200485629,50.1904044182606,4.80036758286063,2.91295245987931
032,6.13110764280892,50.2277795557496,5.09373057280595,2.91295245987931
032,6.04698515160662,50.1422852887411,4.98767731651595,2.91295245987931
032,6.41648408411869,50.0967327664068,4.94529718629837,2.91295245987931
032,5.85728454148413,50.1492487976891,4.31233992475045,2.91295245987931
032,5.95742699649975,50.1746928104758,5.60399680084014,2.91295245987931
032,6.01686579637621,50.1760656821104,4.24251073159917,2.91295245987931
032,6.16101407169684,50.1578251805417,5.12251572935367,2.91295245987931
032,6.16429563955026,50.1211259338375,4.70493693661443,2.91295245987931
032,6.43275038990616,50.3052568592353,5.16396039659586,2.91295245987931
032,6.18175265254635,50.2320780236038,4.51382880225256,2.91295245987931
032,5.81352231577395,50.1561747622011,5.21913765091541,2.91295245987931
032,6.13262225850862,50.3222242832608,5.02689660161284,2.91295245987931
032,6.30512086133705,50.2970425440002,4.59408945276589,2.91295245987931
032,5.95944249414878,50.1085516542884,4.59592815806277,2.91295245987931
032,6.07664549071921,50.3075206966263,4.62418291394731,2.91295245987931
032,6.17704431812578,50.1382004625818,4.42863166605153,2.91295245987931
032,6.14908962117228,50.1554639609861,5.52928475508729,2.91295245987931
032,6.08254133869396,50.2466653830472,4.8192828739986,2.91295245987931
032,6.27336775997838,50.3350232767273,6.01127963982812,2.91295245987931
032,6.11336701483626,50.1522771603739,4.69845919834656,2.91295245987931
032,6.26235849112289,50.2538459302273,5.73190567609469,2.91295245987931
032,6.43881828086461,50.2809182966699,5.16897953555952,2.91295245987931
032,5.89608886395467,50.1566975886116,4.87941378609283,2.91295245987931
032,6.74218211041934,50.3337462282242,6.02256220402771,2.91295245987931
032,6.1817984048843,50.2765170296571,5.04861549827513,2.91295245987931
032,6.44683573756016,50.3132423038962,5.28380812615654,2.91295245987931
032,6.27621307191399,50.2064774314435,5.35875518842072,2.91295245987931
032,6.34953113130237,50.2068768228801,5.1299385725177,2.91295245987931
032,6.75214987700943,50.4703210055256,6.6545207685619,2.91295245987931
032,6.31590333489759,50.330972882674,5.44637433690552,2.91295245987931
032,5.73502809059174,50.235472505105,5.07135401550154,2.91295245987931
032,6.4181145311928,50.1705268169529,5.16518660138059,2.91295245987931
032,6.00283395838818,50.3002064957878,5.16656257444727,2.91295245987931
032,6.2839652610613,50.3089373279167,5.3509811118522,2.91295245987931
064,7.02874507767835,49.8608253478224,6.37498102127613,2.91295245987931
064,7.04049207405976,49.7750162449896,6.33995022389537,2.91295245987931
064,7.109592064442,49.8275065169293,6.19711790465163,2.91295245987931
064,7.08711385076846,49.7668623032409,6.0015174734955,2.91295245987931
064,6.95899223890394,49.6336868494977,6.25118617018259,2.91295245987997
064,7.03673418167405,49.8095325212585,6.94637814496158,2.91295245987931
064,7.00850171404386,49.8050525061397,6.75669475622513,2.91295245987931
064,7.22843870479634,49.888390408969,6.35786595001541,2.91295245987931
064,7.22638994847078,49.7542063630027,6.01176438600949,2.91295245987931
064,7.13867487694218,49.7968944441688,6.34599702027207,2.91295245987931
064,7.24448664735256,49.8544103574944,6.37047616246873,2.91295245987931
064,6.95178637909837,49.7307209411076,5.96636731596921,2.91295245987931
064,7.02434765412933,49.5769317305318,5.43571165824883,2.91295245987931
064,7.06880325663388,49.7030104895833,6.34838397450455,2.91295245987931
064,7.23547631916687,49.7338422363627,6.22066114279346,2.91295245987931
064,7.36655257282809,49.9754333100985,7.02852419628887,2.91295245987931
064,7.20074030084829,49.7801772575059,6.21736917225125,2.91295245987931
064,7.03324140088631,49.7873478093213,6.64103250588878,2.91295245987931
064,7.19666487651094,49.7786359031189,6.42306111096908,2.91295245987931
064,7.20846276082158,49.7837147164408,6.57881657677094,2.91295245987931
064,7.23074784421541,49.8563012789276,6.28555028113982,2.91295245987931
064,7.17311946437995,49.6737763079757,6.06242738183457,2.91295245987931
064,7.03507185071631,49.8054804484722,6.23557305399664,2.91295245987931
064,7.17419570707227,49.7096696732191,6.38041785918148,2.91295245987931
064,7.14915094589921,49.6500723345419,6.03261828423292,2.91295245987934
064,7.22478858895131,50.0308656672496,6.63358061030651,2.91295245987931
064,7.13654905416427,49.8110655270425,6.46861601799153,2.91295245987931
064,7.1170519160382,49.8332442982611,6.80723627207104,2.91295245987931
064,7.1173677702339,49.8417245761186,6.54653662875668,2.91295245987931
064,7.14145660634144,49.6972729391155,5.77629528066427,2.91295245987931
064,7.0127242683709,49.8526308813589,6.85366159372399,2.91295245987931
064,6.89582811537373,49.6249382404398,6.05173722206738,2.91295245987931
064,7.26595778215419,49.8084149663649,6.23876438642217,2.91295245987931
064,7.04691790677057,49.790179441067,6.55249367545372,2.91295245987931
064,7.21669826855757,49.7725532929571,6.10989441058745,2.91295245987931
064,7.24912648690302,49.7754226403395,5.90942763487561,2.91295245987931
064,7.22714197892712,49.6917617909927,5.99374391820108,2.91295245987931
064,6.88255431789876,49.6526602164426,6.03911792387593,2.91295245987931
064,7.01083967489572,49.8150588958445,6.79625876524391,2.91295245987931
064,7.1450181755269,49.828456313531,6.15744327939155,2.91295245987931
064,7.09311388594868,49.6906638929439,5.72949694917286,2.91295245987932
064,7.18876194088076,49.9979482068972,6.65432096508966,2.91295245987931
064,7.07109400026895,49.7577648781369,6.17028189013933,2.91295245987931
064,7.0568015828877,49.7264001256103,6.34231146537668,2.91295245987931
064,6.98205747045287,49.7862327382791,6.40498359630511,2.91295245987931
064,7.20913350813469,49.6832257831089,6.08688086662955,2.91295245987931
064,7.11727401448504,49.6507862529484,6.23933297479153,2.91295245987931
064,7.22627047811672,49.7137507042649,5.96529190449849,2.91295245987931
064,7.0500921968045,49.8272664689031,6.65505822866538,2.91295245987931
064,7.32787241232899,49.7941641427142,6.91135214268391,2.91295245987932
064,7.29072092588625,49.8702193684848,6.34990245534444,2.91295245987931
064,6.98380222191708,49.937740907208,6.40525943779701,2.91295245987931
064,7.44628652583638,50.0124084157981,7.49945490209429,2.91295245987931
064,7.25762056044886,49.8522525072762,6.93035261350717,2.91295245987931
064,7.54330062006566,50.1550025857388,8.01684748824853,2.91295245987931
064,7.07381808437326,49.7885773325707,6.35355625433359,2.91295245987931
064,7.15647213512169,49.6778978542411,6.16259576716633,2.91295245987931
064,7.09629280234519,49.8129681413763,6.74618385756444,2.91295245987931
064,7.03264637918114,49.9245130309143,6.17736197911243,2.91295245987931
064,6.94249520445771,49.676948365898,6.35436541825527,2.91295245987932
064,7.27204012084647,49.8311771091285,6.72823444691307,2.91295245987931
064,7.18808465582455,49.9812554382509,6.476461686641,2.91295245987931
064,7.11565930169342,49.8355518889101,7.00076488531611,2.91295245987931
064,7.07964994839977,49.6066680718537,5.7988725373386,2.91295245987931
064,7.27568407450241,49.7829025984133,6.42970223941348,2.91295245987931
064,7.13373901612977,49.6425852995145,5.56618428477281,2.91295245987931
064,7.06851908224529,49.7857842029705,6.708612532054,2.91295245987931
064,7.13571435855111,49.5874475444757,5.65514207153869,2.91295245987931
064,7.15742550301335,49.8117282016898,6.46228158430502,2.91295245987931
064,7.14413271403447,49.7541519977817,6.36608518437101,2.91295245987931
064,7.11961759216079,49.8549895888258,6.6960611675582,2.91295245987931
064,7.07646015257283,49.6265492520748,6.00419384827621,2.91295245987931
064,7.10000282405575,49.7217336358073,5.84498501155465,2.91295245987931
064,7.14003506912159,49.7758636627989,6.31229709510655,2.91295245987931
064,6.98207893327373,49.8113445289683,6.90939221715186,2.91295245987931
064,6.99351666333708,49.7304283531259,6.54796586022489,2.91295245987931
064,7.19614543443401,49.8078425396671,6.98697557661413,2.91295245987932
064,7.07420612445249,49.7802042605109,6.07569137825014,2.91295245987931
064,7.07069939727252,49.7842154223285,6.39738370687293,2.91295245987931
064,7.05987989400794,49.7232232118048,6.73148745516847,2.91295245987947
064,7.04935418572503,49.7746225648732,6.43400841614277,2.91295245987931
064,6.99410940421273,49.816091790121,6.51899216050461,2.91295245987931
064,7.01098567477365,49.7104378605394,6.38283532028766,2.91295245987931
064,7.21192131985828,49.8192338853398,6.28304294723259,2.91295245987931
064,7.33969861026373,49.9775601747387,7.24481281179475,2.91295245987931
064,7.0276954680538,49.7483213241882,5.83104412173787,2.91295245987931
064,7.20467211654391,49.8644185954477,6.8252097616824,2.91295245987931
064,7.04192498437567,49.8424339548438,7.10668244040622,2.91295245987931
064,7.24688532004204,49.7975315127461,6.19127945214905,2.91295245987931
064,7.03620816601618,49.8297947588527,6.75067083618766,2.91295245987931
064,7.07183940830083,49.8583188644936,6.29284714398457,2.91295245987931
064,7.19432074704542,49.8884124788051,7.0557113338948,2.91295245987931
064,7.22314343175144,49.8793618397047,6.70377475132525,2.91295245987931
064,7.22405075283883,49.9603625818156,6.69766751542969,2.91295245987931
064,7.05150079613471,49.9107959330202,7.20768800017271,2.91295245987931
064,6.86015748544466,49.7635995322268,6.32601617868617,2.91295245987931
064,7.1439140142748,49.7725131973116,6.42481545793979,2.91295245987931
064,7.06851240598023,49.87495105335,6.67277130130643,2.91295245987931
064,7.14459231685238,50.0191700114811,6.92799159272673,2.91295245987931
064,7.42225432724349,49.9566920881372,7.41084534801768,2.91295245987931
128,5.25660056366323,49.0371127069596,3.08657760153498,2.91295245987931
128,5.24036322349193,48.5970854382149,2.90314857113491,2.91295245987931
128,5.36198789684673,48.3700467227719,3.12291888803629,2.91295245987943
128,5.34282516266452,48.3397552325052,3.09124911207171,2.91295245987946
128,5.25871715567958,48.9709120561617,3.1638401804487,2.91295245987931
128,5.20068202496146,48.4194063469958,2.88195933909525,2.91295245987932
128,5.22702712094526,48.5263313552734,2.90336579095268,2.91295245987932
128,5.46481542081944,49.2019742300229,3.70894411033664,2.91295245987931
128,5.36207996113467,48.3020951929286,2.97844713775092,2.91295245988168
128,5.36100102745222,48.4802787267856,3.15773184761281,2.91295245987931
128,5.34875192635223,48.7910280741889,2.99266189363498,2.91295245987931
128,5.18078853783625,48.5368779728371,2.97621303371807,2.91295245987931
128,6.12160607455001,48.1301582374774,4.64192919646014,2.91294398481647
128,5.39687852418579,48.3933338710056,3.23293285584626,2.91295245987931
128,5.41516492355041,48.4401219602151,2.97194506502675,2.91295245987933
128,5.36342870554363,48.578907008902,2.89265400339227,2.91295245987931
128,5.35579686806121,48.3885458804914,3.05171570956218,2.91295245987984
128,5.38603752917204,48.5912320572423,3.08633405101434,2.91295245987931
128,5.34590805599447,48.8647802295751,2.95298743735666,2.91295245987931
128,5.33071403814093,48.6849188051232,3.05915367005775,2.91295245987931
128,5.28772778182724,48.2969083672914,3.01895679028352,2.91295245987999
128,5.37033581573903,48.3390232671375,3.4579390662925,2.91295245987933
128,5.35253150189276,48.7509521515441,3.04595887635513,2.91295245987931
128,6.21078056034552,48.0749714855179,4.77457397220918,2.91288988507094
128,6.91153590030439,48.0437867474902,5.06297933915238,2.91061444164681
128,5.38397930275816,48.908046745728,3.43649920999599,2.91295245987931
128,5.31551628771423,48.9306960245454,2.96185493380528,2.91295245987931
128,5.53422187514703,48.241151134328,3.79142825596272,2.91295253473149
128,5.19383137755538,48.610809858118,3.02606148413483,2.91295245987931
128,5.3680679591045,48.3145029591505,3.12396796191761,2.91295245989335
128,5.3060439456137,48.6392614361688,2.73915086509863,2.91295245987931
128,5.28427757114372,48.5001169146376,3.15759163026253,2.91295245987931
128,5.5126861315183,48.2377132521769,3.4552893009345,2.91295246084438
128,5.52135590943881,48.2157023703591,3.80786967655236,2.91295246306964
128,5.38571874251755,48.3117273655741,3.09976122066175,2.91295245988061
128,5.44691898367713,48.9669778804804,3.13755744140274,2.91295245987931
128,5.3817151356474,48.2966366306054,3.11942412398251,2.91295245994785
128,5.34900997922459,48.4686258636346,3.15524765575282,2.91295245987931
128,5.29402291216899,48.3868555283719,2.95907379523931,2.91295245987937
128,5.29625198904219,48.703122310893,2.92716297097605,2.91295245987931
128,5.32134820028234,48.5059205546404,3.15860836468261,2.91295245987931
128,5.39918515623784,48.4945589141213,2.99422804833333,2.91295245987933
128,5.42180670795643,48.8465115164077,3.07406050545301,2.91295245987931
128,5.62386386474632,48.1162613980783,4.3581438910579,2.91295173637294
128,5.31174029750121,48.4538602730512,2.9429849836918,2.91295245987934
128,5.29441444772265,48.639551912206,2.8872310661647,2.91295245987931
128,5.36237961928214,48.7248807531291,2.95808664883035,2.91295245987931
128,5.39561035721288,48.5444544226126,2.90182236861161,2.91295245987931
128,5.3390179570897,48.3746148444286,3.17781086315058,2.91295245987931
128,5.27268135448141,48.5498704108994,2.69197969864094,2.91295245987933
128,6.41832633062065,48.1283337712235,4.32623710986059,2.91314451725214
128,5.39508797560767,48.7994234282097,3.06377048354118,2.91295245987931
128,5.53437878703954,48.59935142508,2.55748680517238,2.91295245987932
128,5.45021406831641,48.3452858511892,3.2469205965663,2.91295246030812
128,5.57913966570909,48.6991007606664,2.44804477530601,2.91295245987931
128,5.23516660479327,48.6639907046865,2.90868269769939,2.91295245987931
128,5.30747382222863,48.7031257394481,2.88336476361178,2.91295245987931
128,5.26437785931317,48.7798563208923,3.1689506349457,2.91295245987931
128,5.48901813322422,48.8099621221714,3.42351489291388,2.91295245987931
128,5.29286633159285,48.7124817863518,2.91142658789856,2.91295245987931
128,5.37873769640475,48.4719856338981,2.90957509761173,2.91295245989466
128,5.38467238054324,48.6180013091227,2.98432685768274,2.91295245987931
128,5.34297802292413,48.3900563074792,3.01921867357858,2.91295245989556
128,6.86488179347783,47.9295366559522,5.67350135723705,2.91131906575262
128,5.31397569277977,48.7743231161686,3.05378485309149,2.91295245987931
128,5.31132390555461,48.3137026030018,3.1208365616027,2.91295245987936
128,5.5807897212117,48.1730103731935,3.88234170510965,2.91295250894458
128,6.15528451434012,48.0767880002304,5.00158009781604,2.91294087935996
128,5.32841834378926,48.5741540966846,2.94175337463437,2.91295245987931
128,5.33861446452154,48.3775869351934,3.05130505486501,2.91295245987932
128,5.32679251569635,48.9281722605132,3.22447183869571,2.91295245987931
128,5.2763924586315,48.4607247531699,2.90605486397727,2.91295245987931
128,5.41928005064859,48.6825735881814,3.03316966259952,2.91295245987931
128,7.24026336201411,47.9472063361496,5.57920317789703,2.89792063495387
128,5.36275743412139,48.889273591605,3.00652643212686,2.91295245987931
128,5.48297678268592,48.1522575619631,3.70369055796222,2.91295245877322
128,5.47059510600635,49.2541386166339,4.3819103669053,2.91295245987931
128,5.44014989017282,48.3878683260033,3.16560191382911,2.9129524598794
128,5.57646078653063,48.1247898254898,4.32767830184792,2.91295190062053
128,5.44339939520253,49.0054972328767,3.68367473658025,2.91295245987931
128,5.31346971278595,48.5661158032977,3.21143160745651,2.91295245987931
128,5.39949865476033,48.3819602955877,3.10345225724784,2.91295245987938
128,5.31334964308195,48.4060030644139,3.02265268259301,2.91295245987944
128,5.45129068629675,48.395181620069,3.06081030462666,2.91295245988173
128,5.36523236412091,48.7188123397386,2.90639290640823,2.91295245987931
128,5.35489652156428,48.5105380731721,3.07130686893826,2.91295245987931
128,5.34229168475774,48.5129757435151,2.89733192520853,2.91295245987931
128,6.04343635843489,48.0565649911702,5.04105989880701,2.91290223155994
128,5.34089148906326,48.5763812015918,2.8446225763771,2.91295245987931
128,5.79908618953045,48.2051178738139,3.97154272483903,2.91295189767137
128,5.23212372234,48.7915630252863,2.90317881352205,2.91295245987931
128,5.29365687463873,48.4127383631591,2.75290973942456,2.9129524598798
128,5.36153894759162,48.4730447728699,3.03685673783444,2.91295245987932
128,5.61875653382588,48.1775914105781,4.09788931163157,2.91295172042659
128,5.36356748045987,48.5282134306236,2.79225988315322,2.91295245987931
128,5.33032805191483,48.7077551778208,2.89292804925683,2.91295245987931
128,6.29390900949761,48.1323249731848,4.64497257352765,2.91290646475108
128,5.53195207215407,48.539119532234,3.29196875303382,2.91295245987931
128,5.36071167190806,48.9483425017607,3.19434260868281,2.91295245987931
128,5.69515137843876,48.3451898565139,3.54478674126001,2.9129525871851
200,4.7398661033279,48.2515891502431,3.31280213564138,2.91295245987814
200,4.84021498664615,48.1208099698399,3.76511186578964,2.91295244513474
200,7.91750759925251,47.88653374915,5.58111340291591,2.5904270694192
200,7.86159461599048,47.8925476349614,5.74116731472871,2.65154940805351
200,6.12197319245964,48.1273185809199,4.3538627433956,2.91233817980744
200,7.86990889359951,47.866247687428,5.60452684999986,2.67073539363103
200,4.9368948285248,48.091324124242,3.68301630812917,2.91295236994501
200,5.05025309788404,48.9044618241534,3.62047316152957,2.91295245987931
200,8.46299821309893,47.8037390365238,4.03500846978655,2.63309082201101
200,5.84407968937062,47.9811110326048,4.93209593340036,2.90980439883377
200,4.73889032114079,48.1693954663231,3.09175011736719,2.91295245987275
200,8.01704075847842,47.876911194855,5.90369860613406,2.65114699487304
200,7.06567225977605,47.9228036333657,5.62630979896115,2.88424497399759
200,6.47016430370135,47.9123122675675,5.40454161300402,2.90866026249759
200,4.82466508094941,48.2529777924722,3.16381746076968,2.91295245991693
200,6.95791468551638,48.013745188137,4.87409932505077,2.87800684952732
200,8.02174748879353,47.8680389934487,5.47551540466637,2.59884111253283
200,4.70216689940751,48.0711307054577,3.72826853567695,2.91295245247992
200,5.03184541517818,48.5546799493698,3.47846418183801,2.91295245987931
200,4.97857381469988,48.2975062132915,3.21311651615078,2.91295245987979
200,6.74378333516182,47.9140936283758,5.56287359747951,2.87585138471165
200,4.71980730045112,48.1472712324042,3.29529372605412,2.91295245987478
200,5.03507131497169,48.4237329331036,3.57741203625919,2.91295245987936
200,7.73815079766048,47.8234870750691,5.97039262763595,2.70647508547249
200,8.07115208150098,47.8517145435725,5.50247859893712,2.61247685998069
200,5.05475000854479,48.7053227461617,3.65122239111172,2.91295245987931
200,4.99997960004363,48.3097925245734,2.92460697669799,2.9129524598808
200,7.81797832646478,47.9076924259935,5.49501311692549,2.65073891022399
200,4.75772809500319,48.1902055331299,2.89829221054755,2.91295245987928
200,5.0076168361293,48.3223186865869,2.90732087177773,2.91295245988124
200,4.91102188301129,48.0586241693043,3.76162254255652,2.91295156281191
200,7.80986131762732,47.9274787028669,5.57283056625988,2.69300993215267
200,7.93160441908241,47.9116017054534,5.57889758369856,2.6355604690308
200,6.68656389791017,47.9279065966451,5.39023080553731,2.88186911974758
200,4.73115242009001,48.1262360329292,3.62020658383993,2.91295245855358
200,5.03466110920857,48.3626734020056,2.86691328429374,2.91295245987948
200,7.62848523745713,47.8871863293363,5.64165651393419,2.7024209601724
200,5.26888700844814,48.3469775592651,3.21110608553417,2.91295245999519
200,7.52477200441872,47.8716360345072,5.8665385959118,2.7585058706787
200,4.95245659624293,48.3965091428494,2.76504126431366,2.91295245987939
200,5.00658340300535,48.3769234670939,3.09277357095094,2.91295245987949
200,7.74517080744808,47.9687784905507,5.06820874837607,2.72604091164456
200,4.98995556416227,48.4145409657315,3.02567133139521,2.91295245987937
200,8.03463235217922,47.8684432514391,5.74345987746502,2.56188296011961
200,7.16202111771095,47.8945819689574,5.64011275526623,2.87370900789166
200,6.29904393707452,48.0286240179955,4.98318821645464,2.90838291822886
200,5.0879558470425,48.1157551848581,3.73662195663236,2.91295141229256
200,4.82938179843411,48.2062920344909,2.99692039385594,2.91295245989578
200,5.95754038337754,47.9287463490848,5.15784183704007,2.9121816353896
200,7.34266329492057,48.038257515179,4.93271222517922,2.85687899027723
200,7.85551600604007,47.9835139902824,4.89355816069438,2.7143051223394
200,4.95641500963784,48.1916901318159,3.29167249062486,2.91295246054918
200,5.03728133136818,48.5410205977152,3.16810126468305,2.91295245988122
200,4.86637442139444,48.2584486601991,3.29159614306967,2.91295246927942
200,5.19921698697127,48.2746690695438,3.36499068112606,2.91295718725961
200,5.71079641914603,47.9792507641494,4.65640883179542,2.91227683713889
200,6.18431541747242,48.0116387953279,5.02339118152957,2.91012540801891
200,4.92074088585702,48.2181249245686,3.51855440262175,2.91295245982475
200,5.11856742916725,48.212309883968,3.52008321605337,2.91295245988997
200,4.9987854334241,48.2559034622845,3.14887575045024,2.91295245988054
200,7.60695665527397,48.0437574511506,4.82793156519794,2.80015042112668
200,5.25989961091469,48.1224864655459,3.42758630439502,2.91295280150795
200,5.07066716555177,48.1595136871678,3.59823580102671,2.91295238117736
200,8.16192785248282,47.8115622362373,6.20892495104678,2.54243331057262
200,4.90484053839399,48.3121213048679,2.82869027681682,2.91295245988137
200,7.87174173210432,47.8627002926589,5.99980283626413,2.69867815001251
200,7.94124304650808,47.877930129543,5.61608612231951,2.61042415442855
200,7.74017000811438,47.8594698331593,6.06219945870463,2.75986808885455
200,7.88784642039771,47.9175675904497,5.68669119240391,2.62263753701959
200,7.52625069487039,47.8900946039651,5.73917830678211,2.75876023456633
200,5.19621364470074,48.4267888074289,2.71878399090661,2.91295245987954
200,6.96414586369595,47.9366310021405,5.52779040763196,2.90010622282317
200,5.20639636439666,48.4584765113661,3.08041203495775,2.91295245987967
200,8.20808400634755,47.8087490814483,5.70552467727426,2.62465106185568
200,4.7994761437492,48.3531244481419,3.21583916244212,2.91295245987931
200,7.42644334457184,47.8935465644773,5.79044897889589,2.79699353595731
200,5.1757946513479,49.1319016223451,4.87458043545398,2.91295245987931
200,6.77428163679774,47.9508939836153,5.29221171616935,2.8762280887422
200,7.87576242552629,47.8951102627898,5.69668121781463,2.60351560789721
200,5.12648066553651,48.3164133397534,3.07101865194523,2.91295247343006
200,5.78638136269854,48.0489252447793,4.63599113401058,2.91213559621029
200,7.46911948379179,47.9373121910144,5.4386000742428,2.79416283410975
200,5.1117348718567,48.0860824660771,3.98777658721913,2.91294878394345
200,5.12784139302056,48.1578087105003,3.52953825211759,2.91295302846849
200,4.92715101243998,48.451969403515,3.15504597434095,2.91295245987973
200,6.19347732478857,48.0082756948306,4.90116860694012,2.90808328344687
200,4.78883639521304,48.15895591614,3.12186982337013,2.91295246021368
200,7.425214743859,47.8855255971476,5.82351757851557,2.73978662110102
200,5.34787855712858,48.0937195403224,3.90112839886979,2.9129205717014
200,6.2820959275528,47.9470736192273,5.00137304813372,2.90842131042067
200,4.94551107340061,48.4047092773557,3.01736973708992,2.91295245987936
200,6.06442122347204,48.0089505948021,4.79002535409774,2.90950257413536
200,4.86913823231681,48.2156567011057,3.30343808027569,2.91295245989743
200,7.95466750944793,47.8891457657059,5.32199348995467,2.56704539915693
200,5.8638228048473,47.9804324610851,4.77687727440445,2.91042930227197
200,5.2020525105016,48.339956683729,3.26663007507682,2.91295245987874
200,6.0274114531123,48.0927388719644,4.29194902763275,2.91224048454344
200,6.31846589233816,48.0010074336165,5.17632420892707,2.90237929599835
200,5.29771848967389,48.7192654385425,3.14793211259543,2.91295245987931
200,6.09035683385456,48.1373552563995,4.3396134027041,2.91470064770471
real,8.62645500376292,48.5916917921359,4.72137549151082,2.9061310944452
real,9.19540276238858,47.9703370922902,2.49394724626798,2.35998480091682
real,9.44269339326233,48.0972016658948,6.26597642337333,1.77548684350006
real,8.78211134547149,48.0713585231936,3.64731936867743,2.86521180406162
real,8.59454901317044,48.3634862507077,3.67057668686195,2.87844816902122
real,9.01222915922027,48.1798782838199,3.50557091820305,2.85092019037775
real,9.03017925277726,48.0625239849256,2.57032389767034,2.63591056001275
real,9.44465731082028,48.1631266068502,2.61781245336356,2.51073308256136
real,9.29163537723992,48.1541294375456,4.16334309613436,2.35123240484253
real,9.06044706441625,48.05519414888,3.63615021268028,2.70087267068698
real,9.31653690909989,48.2922840134433,2.6174431970972,2.79132175296184
real,8.83207231738156,48.0840245109681,4.16812482852428,2.83906791162706
real,9.39977390217503,48.2586876817627,2.95775991582351,2.83868758748098
real,8.93615422202443,48.1722858243048,3.48077690287689,2.78570145455531
real,9.31770150048362,48.1184587630801,3.26318630451704,2.86019564028896
real,9.0062487022456,48.0757924090851,2.43936103314252,2.8300117845124
real,9.3640142990569,48.1991643606675,4.03914215781349,2.83029258829386
real,9.1324467762464,48.1055331464379,2.99140942407997,1.48365200664177
real,9.00081188829484,48.0683246280201,3.19229229879251,2.8746553974712
real,9.21985123843111,48.0978616803523,2.82423758297789,2.76882899449821
real,8.96010124814296,48.0475276960621,2.7649965737978,2.83075666091853
real,9.10158752978642,48.2815644052054,3.8540283568714,2.8891711375813
real,8.90745076415194,48.107123972058,3.32069795456216,2.58152224017936
real,9.35435048463069,48.1830461627505,2.30473640825051,2.8732466258287
real,8.8107190029242,48.2428429653568,3.17039096876996,2.36195083316606
real,9.19356917329368,48.1718557555243,2.51666074076819,2.46831096751581
real,9.88263847126451,47.9677993463713,6.24116900445276,2.26498966595339
real,9.80162123616127,47.9114058033714,6.42652827500963,2.4550795244887
real,9.08102402162762,47.9712164901097,3.6153102606086,2.8586072876243
real,9.28050921208895,48.0247239637937,6.11624947578718,2.80198937989297
real,8.81759049948479,47.9804606018266,3.25451755086787,2.5138029104261
real,9.73989794032266,48.1420895400278,6.13110699396708,2.67898781718115
real,9.02093820552185,48.1417124220514,2.43104540152619,2.76874109205191
real,9.19338535600263,48.0939362132356,2.82333832837585,2.32539784036096
real,9.02953364070579,48.1329497025262,2.40924664417233,2.22362792330243
real,9.54494997645307,47.9252673974802,5.55726801938644,2.52449002998146
real,8.72647930419077,48.0510288218832,3.30216779457936,2.80126064195454
real,9.46645782487529,48.2826255194517,3.02806443075266,2.89815329543546
real,8.10603261071662,48.3498199982527,3.31766458205466,2.90668321151802
real,9.05289351572309,48.3060280622251,3.87594087277932,2.8670718465914
real,8.82449304695959,48.1564329508607,3.41412907637062,2.72437660869043
real,8.44662754685254,48.3357308606599,3.33605743477865,2.80855102884041
real,8.28292912382276,48.0137422368381,6.11570798839843,2.86350508578574
real,9.41198984048535,48.1179469955161,2.90049209175149,2.75393448426336
real,9.82681911602146,48.1534566687747,6.04680095267996,2.62531670994279
real,8.88720927650532,48.1702785989626,3.2869933575608,2.78981409268582
real,9.93409577212168,48.1855690845168,7.18969811011632,2.77873600305386
real,8.62732663863125,48.0763768750576,3.4078321339703,2.57998969116843
real,8.89429973382088,48.006224496468,2.7964083785819,2.19539310572728
real,9.06296514222239,48.1818770356204,3.48017193537167,2.86580748677952
real,9.263205118901,47.9712266850968,2.87129041425189,2.34230246207535
real,8.76440605039134,48.0855763279827,2.39259159196336,2.78203237328289
real,9.27215081152236,48.2621506580922,3.44319590442404,2.67830633314215
real,9.25445558819091,48.0631555834626,2.68318479305233,2.6560471719069
real,8.28791992364326,47.9442775462488,2.49706682868689,2.67588297669921
real,8.9587996192075,48.1889418783337,2.3747613145518,2.59737930126078
real,9.18742576549613,48.2765993750445,2.83499435936998,2.82236060603223
real,9.37090060242342,48.0333656830005,3.39746258619254,2.21126678697035
real,9.31986420027378,48.2902773280524,2.40085397265995,2.71705109837092
real,9.44522490166527,48.0838051155693,3.30575870569503,2.72020290605908
real,8.85599731188545,48.0193856784434,3.31379447205936,2.25588987750105
real,8.89354197086605,48.0884059432462,3.36250055792592,2.17772104036627
real,8.91342851542877,48.3563020847716,3.78713679305181,2.85172670914089
real,9.85244323740382,48.1396976950609,6.88214741094742,2.64043835933409
real,9.55661862123055,48.3088450959875,3.70121602174369,2.65377046873124
real,9.25095572890086,48.1595978506429,3.9702767505344,2.68028481326356
real,9.21703771321912,48.1373742388052,3.51654663756775,2.5432401604036
real,8.66739988484365,48.2192592124004,2.57961659272047,2.80595109225476
real,8.27918009478643,48.2991740921396,5.9095805034369,2.84559205304848
real,8.92493131352593,48.1993595552723,2.62695766527699,2.42225430355539
real,9.19528803241307,48.0542098086103,3.30525181396435,2.86100236671036
real,9.5732938352415,48.3246230848479,2.94064548482042,2.67438096821313
real,9.28981255600685,48.1400711297236,3.46610379392004,2.59843902040791
real,8.95348627618495,48.2284592605476,2.79861056344297,2.8831267239413
real,9.53597547839131,48.219031990659,3.73784938387262,2.89178292025014
real,8.93676148563886,48.1166172655407,3.11120144113433,2.83493746300913
real,9.15560014836536,48.1953173817904,3.03856032843284,2.90166179050288
real,9.01764690898893,48.0241700314556,3.04120428013913,2.5406069752761
real,8.60420373269745,48.1269057632698,4.18841709316655,2.88234942588206
real,8.78235160227889,48.0771030395918,2.94921191310091,2.7574265097995
real,9.19232957574496,48.1659304746834,3.75133327457484,2.8020136494248
real,8.94476420762941,48.1202802139911,2.32830404725527,2.47064778796428
real,9.1143716296467,48.2009526540791,2.9970637786225,2.79266651562776
real,9.12111911538395,48.2899092414124,2.99185241571232,2.91109851065964
real,9.1116359546684,48.388837796497,2.74911709047568,2.89669369803283
real,9.75370217293262,48.2192990637875,2.40138687485,2.30579350694029
real,8.72908780720142,48.1033809469208,2.62132009617833,2.72534577768821
real,8.87741458131446,48.2221139049568,2.91308844378479,2.73417759233122
real,9.20179898825091,48.2434061533068,3.16403465563688,2.64419020937223
real,9.06510432643737,48.0403218128083,2.29395518983368,2.84198558101329
real,9.14592359985004,48.2452409665881,3.58118944727007,2.78807191303723
real,9.00494016095907,48.1574052314569,2.4555113636523,2.51552613967121
real,9.05669508652073,48.1594441473142,3.65649076136087,2.62837141287141
real,9.25943142351876,48.1643839764574,2.50127378112287,2.86433893226683
real,8.84659465416321,48.1726749954394,2.70701805591498,2.83577540348086
real,9.13595155911131,48.0599996528301,2.54859535577953,2.68891199832569
real,8.78183863691481,48.0930916605143,3.32549096068456,2.56909244472684
real,9.26783613989461,48.2497196098222,3.17901561673199,2.77057491391348
real,8.85434970010815,48.3227545372401,2.5467533772371,2.64305522728461
real,9.03484027118294,47.8453248969155,2.65817780709617,2.40673751979291
